Komoditas;Tahun;Bulan;Harga
GKP Tingkat Petani (Rp/Kg);2019;Januari;Rp4.889
GKP Tingkat Penggilingan (Rp/Kg);2019;Januari;Rp5.170
GKG Tingkat Penggilingan (Rp/Kg);2019;Januari;Rp5.756
Beras Medium Tk. Penggilingan (Rp/Kg);2019;Januari;Rp9.497
Beras Premium Tk. Penggilingan (Rp/Kg);2019;Januari;Rp10.729
Jagung Pipilan Kering Tk. Petani (Rp/Kg);2019;Januari;Rp4.392
Kedelai Biji Kering Tk. Petani (Rp/Kg);2019;Januari;Rp6.691
Cabai Merah Keriting Tk.Petani (rp/Kg);2019;Januari;Rp15.453
Cabai Rawit Merah Tk. Petani (Rp/Kg);2019;Januari;Rp20.203
Bawang Merah Tk. Petani (Rp/Kg);2019;Januari;Rp18.726
Sapi Hidup (Rp/kg Berat Hidup);2019;Januari;Rp47.473
Ayam Ras (Rp/Ekor Hidup);2019;Januari;Rp20.412
Telur Ayam Ras (Rp/Kg);2019;Januari;Rp21.541
GKP Tingkat Petani (Rp/Kg);2019;Februari;Rp4.810
GKP Tingkat Penggilingan (Rp/Kg);2019;Februari;Rp5.089
GKG Tingkat Penggilingan (Rp/Kg);2019;Februari;Rp5.709
Beras Medium Tk. Penggilingan (Rp/Kg);2019;Februari;Rp9.524
Beras Premium Tk. Penggilingan (Rp/Kg);2019;Februari;Rp10.747
Jagung Pipilan Kering Tk. Petani (Rp/Kg);2019;Februari;Rp4.423
Kedelai Biji Kering Tk. Petani (Rp/Kg);2019;Februari;Rp6.716
Cabai Merah Keriting Tk.Petani (rp/Kg);2019;Februari;Rp12.092
Cabai Rawit Merah Tk. Petani (Rp/Kg);2019;Februari;Rp15.973
Bawang Merah Tk. Petani (Rp/Kg);2019;Februari;Rp15.878
Sapi Hidup (Rp/kg Berat Hidup);2019;Februari;Rp47.445
Ayam Ras (Rp/Ekor Hidup);2019;Februari;Rp18.361
Telur Ayam Ras (Rp/Kg);2019;Februari;Rp20.063
GKP Tingkat Petani (Rp/Kg);2019;Maret;Rp4.563
GKP Tingkat Penggilingan (Rp/Kg);2019;Maret;Rp4.855
GKG Tingkat Penggilingan (Rp/Kg);2019;Maret;Rp5.492
Beras Medium Tk. Penggilingan (Rp/Kg);2019;Maret;Rp9.379
Beras Premium Tk. Penggilingan (Rp/Kg);2019;Maret;Rp10.561
Jagung Pipilan Kering Tk. Petani (Rp/Kg);2019;Maret;Rp3.833
Kedelai Biji Kering Tk. Petani (Rp/Kg);2019;Maret;Rp6.813
Cabai Merah Keriting Tk.Petani (rp/Kg);2019;Maret;Rp13.534
Cabai Rawit Merah Tk. Petani (Rp/Kg);2019;Maret;Rp18.316
Bawang Merah Tk. Petani (Rp/Kg);2019;Maret;Rp19.561
Sapi Hidup (Rp/kg Berat Hidup);2019;Maret;Rp47.573
Ayam Ras (Rp/Ekor Hidup);2019;Maret;Rp17.518
Telur Ayam Ras (Rp/Kg);2019;Maret;Rp19.883
GKP Tingkat Petani (Rp/Kg);2019;April;Rp4.441
GKP Tingkat Penggilingan (Rp/Kg);2019;April;Rp4.690
GKG Tingkat Penggilingan (Rp/Kg);2019;April;Rp5.301
Beras Medium Tk. Penggilingan (Rp/Kg);2019;April;Rp9.192
Beras Premium Tk. Penggilingan (Rp/Kg);2019;April;Rp10.355
Jagung Pipilan Kering Tk. Petani (Rp/Kg);2019;April;Rp3.848
Kedelai Biji Kering Tk. Petani (Rp/Kg);2019;April;Rp6.784
Cabai Merah Keriting Tk.Petani (rp/Kg);2019;April;Rp17.129
Cabai Rawit Merah Tk. Petani (Rp/Kg);2019;April;Rp19.708
Bawang Merah Tk. Petani (Rp/Kg);2019;April;Rp25.260
Sapi Hidup (Rp/kg Berat Hidup);2019;April;Rp47.819
Ayam Ras (Rp/Ekor Hidup);2019;April;Rp20.508
Telur Ayam Ras (Rp/Kg);2019;April;Rp20.664
GKP Tingkat Petani (Rp/Kg);2019;Mei;Rp4.504
GKP Tingkat Penggilingan (Rp/Kg);2019;Mei;Rp4.714
GKG Tingkat Penggilingan (Rp/Kg);2019;Mei;Rp5.267
Beras Medium Tk. Penggilingan (Rp/Kg);2019;Mei;Rp9.123
Beras Premium Tk. Penggilingan (Rp/Kg);2019;Mei;Rp10.282
Jagung Pipilan Kering Tk. Petani (Rp/Kg);2019;Mei;Rp3.853
Kedelai Biji Kering Tk. Petani (Rp/Kg);2019;Mei;Rp6.815
Cabai Merah Keriting Tk.Petani (rp/Kg);2019;Mei;Rp21.738
Cabai Rawit Merah Tk. Petani (Rp/Kg);2019;Mei;Rp21.755
Bawang Merah Tk. Petani (Rp/Kg);2019;Mei;Rp22.849
Sapi Hidup (Rp/kg Berat Hidup);2019;Mei;Rp48.633
Ayam Ras (Rp/Ekor Hidup);2019;Mei;Rp20.667
Telur Ayam Ras (Rp/Kg);2019;Mei;Rp20.587
GKP Tingkat Petani (Rp/Kg);2019;Juni;Rp4.497
GKP Tingkat Penggilingan (Rp/Kg);2019;Juni;Rp4.743
GKG Tingkat Penggilingan (Rp/Kg);2019;Juni;Rp5.294
Beras Medium Tk. Penggilingan (Rp/Kg);2019;Juni;Rp9.122
Beras Premium Tk. Penggilingan (Rp/Kg);2019;Juni;Rp10.260
Jagung Pipilan Kering Tk. Petani (Rp/Kg);2019;Juni;Rp3.869
Kedelai Biji Kering Tk. Petani (Rp/Kg);2019;Juni;Rp6.801
Cabai Merah Keriting Tk.Petani (rp/Kg);2019;Juni;Rp31.135
Cabai Rawit Merah Tk. Petani (Rp/Kg);2019;Juni;Rp24.623
Bawang Merah Tk. Petani (Rp/Kg);2019;Juni;Rp22.706
Sapi Hidup (Rp/kg Berat Hidup);2019;Juni;Rp48.766
Ayam Ras (Rp/Ekor Hidup);2019;Juni;Rp16.958
Telur Ayam Ras (Rp/Kg);2019;Juni;Rp20.144
GKP Tingkat Petani (Rp/Kg);2019;Juli;Rp4.572
GKP Tingkat Penggilingan (Rp/Kg);2019;Juli;Rp4.826
GKG Tingkat Penggilingan (Rp/Kg);2019;Juli;Rp5.368
Beras Medium Tk. Penggilingan (Rp/Kg);2019;Juli;Rp9.146
Beras Premium Tk. Penggilingan (Rp/Kg);2019;Juli;Rp10.339
Jagung Pipilan Kering Tk. Petani (Rp/Kg);2019;Juli;Rp3.852
Kedelai Biji Kering Tk. Petani (Rp/Kg);2019;Juli;Rp6.858
Cabai Merah Keriting Tk.Petani (rp/Kg);2019;Juli;Rp43.291
Cabai Rawit Merah Tk. Petani (Rp/Kg);2019;Juli;Rp38.822
Bawang Merah Tk. Petani (Rp/Kg);2019;Juli;Rp21.060
Sapi Hidup (Rp/kg Berat Hidup);2019;Juli;Rp48.955
Ayam Ras (Rp/Ekor Hidup);2019;Juli;Rp19.316
Telur Ayam Ras (Rp/Kg);2019;Juli;Rp20.750
GKP Tingkat Petani (Rp/Kg);2019;Agustus;Rp4.654
GKP Tingkat Penggilingan (Rp/Kg);2019;Agustus;Rp4.910
GKG Tingkat Penggilingan (Rp/Kg);2019;Agustus;Rp5.437
Beras Medium Tk. Penggilingan (Rp/Kg);2019;Agustus;Rp9.209
Beras Premium Tk. Penggilingan (Rp/Kg);2019;Agustus;Rp10.374
Jagung Pipilan Kering Tk. Petani (Rp/Kg);2019;Agustus;Rp3.874
Kedelai Biji Kering Tk. Petani (Rp/Kg);2019;Agustus;Rp6.845
Cabai Merah Keriting Tk.Petani (rp/Kg);2019;Agustus;Rp48.621
Cabai Rawit Merah Tk. Petani (Rp/Kg);2019;Agustus;Rp50.430
Bawang Merah Tk. Petani (Rp/Kg);2019;Agustus;Rp18.080
Sapi Hidup (Rp/kg Berat Hidup);2019;Agustus;Rp49.584
Ayam Ras (Rp/Ekor Hidup);2019;Agustus;Rp16.587
Telur Ayam Ras (Rp/Kg);2019;Agustus;Rp20.439
GKP Tingkat Petani (Rp/Kg);2019;September;Rp4.727
GKP Tingkat Penggilingan (Rp/Kg);2019;September;Rp4.993
GKG Tingkat Penggilingan (Rp/Kg);2019;September;Rp5.505
Beras Medium Tk. Penggilingan (Rp/Kg);2019;September;Rp9.241
Beras Premium Tk. Penggilingan (Rp/Kg);2019;September;Rp10.406
Jagung Pipilan Kering Tk. Petani (Rp/Kg);2019;September;Rp3.925
Kedelai Biji Kering Tk. Petani (Rp/Kg);2019;September;Rp6.891
Cabai Merah Keriting Tk.Petani (rp/Kg);2019;September;Rp35.816
Cabai Rawit Merah Tk. Petani (Rp/Kg);2019;September;Rp41.228
Bawang Merah Tk. Petani (Rp/Kg);2019;September;Rp14.104
Sapi Hidup (Rp/kg Berat Hidup);2019;September;Rp48.965
Ayam Ras (Rp/Ekor Hidup);2019;September;Rp15.732
Telur Ayam Ras (Rp/Kg);2019;September;Rp18.668
GKP Tingkat Petani (Rp/Kg);2019;Oktober;Rp4.798
GKP Tingkat Penggilingan (Rp/Kg);2019;Oktober;Rp5.078
GKG Tingkat Penggilingan (Rp/Kg);2019;Oktober;Rp5.581
Beras Medium Tk. Penggilingan (Rp/Kg);2019;Oktober;Rp9.280
Beras Premium Tk. Penggilingan (Rp/Kg);2019;Oktober;Rp10.415
Jagung Pipilan Kering Tk. Petani (Rp/Kg);2019;Oktober;Rp3.938
Kedelai Biji Kering Tk. Petani (Rp/Kg);2019;Oktober;Rp6.802
Cabai Merah Keriting Tk.Petani (rp/Kg);2019;Oktober;Rp28.751
Cabai Rawit Merah Tk. Petani (Rp/Kg);2019;Oktober;Rp37.992
Bawang Merah Tk. Petani (Rp/Kg);2019;Oktober;Rp14.592
Sapi Hidup (Rp/kg Berat Hidup);2019;Oktober;Rp48.831
Ayam Ras (Rp/Ekor Hidup);2019;Oktober;Rp20.619
Telur Ayam Ras (Rp/Kg);2019;Oktober;Rp18.123
GKP Tingkat Petani (Rp/Kg);2019;November;Rp4.825
GKP Tingkat Penggilingan (Rp/Kg);2019;November;Rp5.122
GKG Tingkat Penggilingan (Rp/Kg);2019;November;Rp5.638
Beras Medium Tk. Penggilingan (Rp/Kg);2019;November;Rp9.332
Beras Premium Tk. Penggilingan (Rp/Kg);2019;November;Rp10.459
Jagung Pipilan Kering Tk. Petani (Rp/Kg);2019;November;Rp3.931
Kedelai Biji Kering Tk. Petani (Rp/Kg);2019;November;Rp6.730
Cabai Merah Keriting Tk.Petani (rp/Kg);2019;November;Rp25.142
Cabai Rawit Merah Tk. Petani (Rp/Kg);2019;November;Rp32.081
Bawang Merah Tk. Petani (Rp/Kg);2019;November;Rp18.134
Sapi Hidup (Rp/kg Berat Hidup);2019;November;Rp48.934
Ayam Ras (Rp/Ekor Hidup);2019;November;Rp21.303
Telur Ayam Ras (Rp/Kg);2019;November;Rp20.696
GKP Tingkat Petani (Rp/Kg);2019;Desember;Rp4.857
GKP Tingkat Penggilingan (Rp/Kg);2019;Desember;Rp5.149
GKG Tingkat Penggilingan (Rp/Kg);2019;Desember;Rp5.688
Beras Medium Tk. Penggilingan (Rp/Kg);2019;Desember;Rp9.376
Beras Premium Tk. Penggilingan (Rp/Kg);2019;Desember;Rp10.489
Jagung Pipilan Kering Tk. Petani (Rp/Kg);2019;Desember;Rp3.994
Kedelai Biji Kering Tk. Petani (Rp/Kg);2019;Desember;Rp6.801
Cabai Merah Keriting Tk.Petani (rp/Kg);2019;Desember;Rp21.924
Cabai Rawit Merah Tk. Petani (Rp/Kg);2019;Desember;Rp27.616
Bawang Merah Tk. Petani (Rp/Kg);2019;Desember;Rp21.282
Sapi Hidup (Rp/kg Berat Hidup);2019;Desember;Rp48.976
Ayam Ras (Rp/Ekor Hidup);2019;Desember;Rp19.884
Telur Ayam Ras (Rp/Kg);2019;Desember;Rp22.308
GKP Tingkat Petani (Rp/Kg);2020;Januari;Rp4.891
GKP Tingkat Penggilingan (Rp/Kg);2020;Januari;Rp5.171
GKG Tingkat Penggilingan (Rp/Kg);2020;Januari;Rp5.756
Beras Medium Tk. Penggilingan (Rp/Kg);2020;Januari;Rp9.497
Beras Premium Tk. Penggilingan (Rp/Kg);2020;Januari;Rp10.725
Jagung Pipilan Kering Tk. Petani (Rp/Kg);2020;Januari;Rp4.382
Kedelai Biji Kering Tk. Petani (Rp/Kg);2020;Januari;Rp6.695
Cabai Merah Keriting Tk.Petani (rp/Kg);2020;Januari;Rp15.688
Cabai Rawit Merah Tk. Petani (Rp/Kg);2020;Januari;Rp20.550
Bawang Merah Tk. Petani (Rp/Kg);2020;Januari;Rp18.868
Sapi Hidup (Rp/kg Berat Hidup);2020;Januari;Rp47.487
Ayam Ras (Rp/Ekor Hidup);2020;Januari;Rp17.625
Telur Ayam Ras (Rp/Kg);2020;Januari;Rp20.504
GKP Tingkat Petani (Rp/Kg);2020;Februari;Rp4.818
GKP Tingkat Penggilingan (Rp/Kg);2020;Februari;Rp5.097
GKG Tingkat Penggilingan (Rp/Kg);2020;Februari;Rp5.716
Beras Medium Tk. Penggilingan (Rp/Kg);2020;Februari;Rp9.526
Beras Premium Tk. Penggilingan (Rp/Kg);2020;Februari;Rp10.755
Jagung Pipilan Kering Tk. Petani (Rp/Kg);2020;Februari;Rp4.464
Kedelai Biji Kering Tk. Petani (Rp/Kg);2020;Februari;Rp6.697
Cabai Merah Keriting Tk.Petani (rp/Kg);2020;Februari;Rp12.081
Cabai Rawit Merah Tk. Petani (Rp/Kg);2020;Februari;Rp15.860
Bawang Merah Tk. Petani (Rp/Kg);2020;Februari;Rp15.860
Sapi Hidup (Rp/kg Berat Hidup);2020;Februari;Rp47.422
Ayam Ras (Rp/Ekor Hidup);2020;Februari;Rp17.469
Telur Ayam Ras (Rp/Kg);2020;Februari;Rp21.615
GKP Tingkat Petani (Rp/Kg);2020;Maret;Rp4.571
GKP Tingkat Penggilingan (Rp/Kg);2020;Maret;Rp4.862
GKG Tingkat Penggilingan (Rp/Kg);2020;Maret;Rp5.496
Beras Medium Tk. Penggilingan (Rp/Kg);2020;Maret;Rp9.381
Beras Premium Tk. Penggilingan (Rp/Kg);2020;Maret;Rp10.565
Jagung Pipilan Kering Tk. Petani (Rp/Kg);2020;Maret;Rp3.842
Kedelai Biji Kering Tk. Petani (Rp/Kg);2020;Maret;Rp6.818
Cabai Merah Keriting Tk.Petani (rp/Kg);2020;Maret;Rp13.493
Cabai Rawit Merah Tk. Petani (Rp/Kg);2020;Maret;Rp18.252
Bawang Merah Tk. Petani (Rp/Kg);2020;Maret;Rp19.518
Sapi Hidup (Rp/kg Berat Hidup);2020;Maret;Rp47.575
Ayam Ras (Rp/Ekor Hidup);2020;Maret;Rp16.879
Telur Ayam Ras (Rp/Kg);2020;Maret;Rp22.120
GKP Tingkat Petani (Rp/Kg);2020;April;Rp4.444
GKP Tingkat Petani (Rp/Kg);2020;April;Rp4.686
GKP Tingkat Penggilingan (Rp/Kg);2020;April;Rp5.294
Beras Medium Tk. Penggilingan (Rp/Kg);2020;April;Rp9.185
Beras Premium Tk. Penggilingan (Rp/Kg);2020;April;Rp10.347
Jagung Pipilan Kering Tk. Petani (Rp/Kg);2020;April;Rp3.851
Kedelai Biji Kering Tk. Petani (Rp/Kg);2020;April;Rp6.794
Cabai Merah Keriting Tk.Petani (rp/Kg);2020;April;Rp17.381
Cabai Rawit Merah Tk. Petani (Rp/Kg);2020;April;Rp19.931
Bawang Merah Tk. Petani (Rp/Kg);2020;April;Rp25.338
Sapi Hidup (Rp/kg Berat Hidup);2020;April;Rp47.848
Ayam Ras (Rp/Ekor Hidup);2020;April;Rp16.502
Telur Ayam Ras (Rp/Kg);2020;April;Rp20.776
GKP Tingkat Petani (Rp/Kg);2020;Mei;Rp4.501
GKP Tingkat Penggilingan (Rp/Kg);2020;Mei;Rp4.717
GKG Tingkat Penggilingan (Rp/Kg);2020;Mei;Rp5.268
Beras Medium Tk. Penggilingan (Rp/Kg);2020;Mei;Rp9.122
Beras Premium Tk. Penggilingan (Rp/Kg);2020;Mei;Rp10.279
Jagung Pipilan Kering Tk. Petani (Rp/Kg);2020;Mei;Rp3.850
Kedelai Biji Kering Tk. Petani (Rp/Kg);2020;Mei;Rp6.806
Cabai Merah Keriting Tk.Petani (rp/Kg);2020;Mei;Rp21.820
Cabai Rawit Merah Tk. Petani (Rp/Kg);2020;Mei;Rp21.730
Bawang Merah Tk. Petani (Rp/Kg);2020;Mei;Rp22.655
Sapi Hidup (Rp/kg Berat Hidup);2020;Mei;Rp48.666
Ayam Ras (Rp/Ekor Hidup);2020;Mei;Rp18.661
Telur Ayam Ras (Rp/Kg);2020;Mei;Rp19.454
GKP Tingkat Petani (Rp/Kg);2020;Juni;Rp4.545
GKP Tingkat Penggilingan (Rp/Kg);2020;Juni;Rp4.770
GKG Tingkat Penggilingan (Rp/Kg);2020;Juni;Rp5.439
Beras Medium Tk. Penggilingan (Rp/Kg);2020;Juni;Rp9.267
Beras Premium Tk. Penggilingan (Rp/Kg);2020;Juni;Rp10.377
Jagung Pipilan Kering Tk. Petani (Rp/Kg);2020;Juni;Rp3.563
Kedelai Biji Kering Tk. Petani (Rp/Kg);2020;Juni;Rp6.682
Cabai Merah Keriting Tk.Petani (rp/Kg);2020;Juni;Rp12.562
Cabai Rawit Merah Tk. Petani (Rp/Kg);2020;Juni;Rp17.803
Bawang Merah Tk. Petani (Rp/Kg);2020;Juni;Rp31.836
Sapi Hidup (Rp/kg Berat Hidup);2020;Juni;Rp48.635
Ayam Ras (Rp/Ekor Hidup);2020;Juni;Rp23.997
Telur Ayam Ras (Rp/Kg);2020;Juni;Rp21.131
GKP Tingkat Petani (Rp/Kg);2020;Juli;Rp4.591
GKP Tingkat Penggilingan (Rp/Kg);2020;Juli;Rp4.771
GKG Tingkat Penggilingan (Rp/Kg);2020;Juli;Rp5.457
Beras Medium Tk. Penggilingan (Rp/Kg);2020;Juli;Rp9.234
Beras Premium Tk. Penggilingan (Rp/Kg);2020;Juli;Rp10.338
Jagung Pipilan Kering Tk. Petani (Rp/Kg);2020;Juli;Rp3.517
Kedelai Biji Kering Tk. Petani (Rp/Kg);2020;Juli;Rp6.787
Cabai Merah Keriting Tk.Petani (rp/Kg);2020;Juli;Rp15.149
Cabai Rawit Merah Tk. Petani (Rp/Kg);2020;Juli;Rp19.013
Bawang Merah Tk. Petani (Rp/Kg);2020;Juli;Rp23.590
Sapi Hidup (Rp/kg Berat Hidup);2020;Juli;Rp49.115
Ayam Ras (Rp/Ekor Hidup);2020;Juli;Rp21.127
Telur Ayam Ras (Rp/Kg);2020;Juli;Rp21.900
GKP Tingkat Petani (Rp/Kg);2020;Agustus;Rp4.630
GKP Tingkat Penggilingan (Rp/Kg);2020;Agustus;Rp4.830
GKG Tingkat Penggilingan (Rp/Kg);2020;Agustus;Rp5.488
Beras Medium Tk. Penggilingan (Rp/Kg);2020;Agustus;Rp9.245
Beras Premium Tk. Penggilingan (Rp/Kg);2020;Agustus;Rp10.379
Jagung Pipilan Kering Tk. Petani (Rp/Kg);2020;Agustus;Rp3.441
Kedelai Biji Kering Tk. Petani (Rp/Kg);2020;Agustus;Rp6.728
Cabai Merah Keriting Tk.Petani (rp/Kg);2020;Agustus;Rp16.307
Cabai Rawit Merah Tk. Petani (Rp/Kg);2020;Agustus;Rp19.228
Bawang Merah Tk. Petani (Rp/Kg);2020;Agustus;Rp19.514
Sapi Hidup (Rp/kg Berat Hidup);2020;Agustus;Rp48.668
Ayam Ras (Rp/Ekor Hidup);2020;Agustus;Rp17.829
Telur Ayam Ras (Rp/Kg);2020;Agustus;Rp21.592
GKP Tingkat Petani (Rp/Kg);2020;September;Rp4.637
GKP Tingkat Penggilingan (Rp/Kg);2020;September;Rp4.850
GKG Tingkat Penggilingan (Rp/Kg);2020;September;Rp5.516
Beras Medium Tk. Penggilingan (Rp/Kg);2020;September;Rp9.234
Beras Premium Tk. Penggilingan (Rp/Kg);2020;September;Rp10.375
Jagung Pipilan Kering Tk. Petani (Rp/Kg);2020;September;Rp3.481
Kedelai Biji Kering Tk. Petani (Rp/Kg);2020;September;Rp6.655
Cabai Merah Keriting Tk.Petani (rp/Kg);2020;September;Rp16.566
Cabai Rawit Merah Tk. Petani (Rp/Kg);2020;September;Rp18.242
Bawang Merah Tk. Petani (Rp/Kg);2020;September;Rp19.081
Sapi Hidup (Rp/kg Berat Hidup);2020;September;Rp48.415
Ayam Ras (Rp/Ekor Hidup);2020;September;Rp18.158
Telur Ayam Ras (Rp/Kg);2020;September;Rp20.126
GKP Tingkat Petani (Rp/Kg);2020;Oktober;Rp4.609
GKP Tingkat Penggilingan (Rp/Kg);2020;Oktober;Rp4.825
GKG Tingkat Penggilingan (Rp/Kg);2020;Oktober;Rp5.541
Beras Medium Tk. Penggilingan (Rp/Kg);2020;Oktober;Rp9.229
Beras Premium Tk. Penggilingan (Rp/Kg);2020;Oktober;Rp10.384
Jagung Pipilan Kering Tk. Petani (Rp/Kg);2020;Oktober;Rp3.524
Kedelai Biji Kering Tk. Petani (Rp/Kg);2020;Oktober;Rp6.587
Cabai Merah Keriting Tk.Petani (rp/Kg);2020;Oktober;Rp26.122
Cabai Rawit Merah Tk. Petani (Rp/Kg);2020;Oktober;Rp20.328
Bawang Merah Tk. Petani (Rp/Kg);2020;Oktober;Rp21.166
Sapi Hidup (Rp/kg Berat Hidup);2020;Oktober;Rp48.585
Ayam Ras (Rp/Ekor Hidup);2020;Oktober;Rp19.249
Telur Ayam Ras (Rp/Kg);2020;Oktober;Rp19.884
GKP Tingkat Petani (Rp/Kg);2020;November;Rp4.568
GKP Tingkat Penggilingan (Rp/Kg);2020;November;Rp4.793
GKG Tingkat Penggilingan (Rp/Kg);2020;November;Rp5.523
Beras Medium Tk. Penggilingan (Rp/Kg);2020;November;Rp9.212
Beras Premium Tk. Penggilingan (Rp/Kg);2020;November;Rp10.364
Jagung Pipilan Kering Tk. Petani (Rp/Kg);2020;November;Rp3.595
Kedelai Biji Kering Tk. Petani (Rp/Kg);2020;November;Rp6.556
Cabai Merah Keriting Tk.Petani (rp/Kg);2020;November;Rp26.586
Cabai Rawit Merah Tk. Petani (Rp/Kg);2020;November;Rp23.319
Bawang Merah Tk. Petani (Rp/Kg);2020;November;Rp23.572
Sapi Hidup (Rp/kg Berat Hidup);2020;November;Rp48.805
Ayam Ras (Rp/Ekor Hidup);2020;November;Rp22.031
Telur Ayam Ras (Rp/Kg);2020;November;Rp20.850
GKP Tingkat Petani (Rp/Kg);2020;Desember;Rp4.601
GKP Tingkat Penggilingan (Rp/Kg);2020;Desember;Rp4.826
GKG Tingkat Penggilingan (Rp/Kg);2020;Desember;Rp5.547
Beras Medium Tk. Penggilingan (Rp/Kg);2020;Desember;Rp9.218
Beras Premium Tk. Penggilingan (Rp/Kg);2020;Desember;Rp10.365
Jagung Pipilan Kering Tk. Petani (Rp/Kg);2020;Desember;Rp3.696
Kedelai Biji Kering Tk. Petani (Rp/Kg);2020;Desember;Rp6.540
Cabai Merah Keriting Tk.Petani (rp/Kg);2020;Desember;Rp35.140
Cabai Rawit Merah Tk. Petani (Rp/Kg);2020;Desember;Rp32.903
Bawang Merah Tk. Petani (Rp/Kg);2020;Desember;Rp22.881
Sapi Hidup (Rp/kg Berat Hidup);2020;Desember;Rp49.349
Ayam Ras (Rp/Ekor Hidup);2020;Desember;Rp22.276
Telur Ayam Ras (Rp/Kg);2020;Desember;Rp22.715
GKP Tingkat Petani (Rp/Kg);2021;Januari;Rp4.521
GKP Tingkat Penggilingan (Rp/Kg);2021;Januari;Rp4.799
GKG Tingkat Penggilingan (Rp/Kg);2021;Januari;Rp5.381
Beras Medium Tk. Penggilingan (Rp/Kg);2021;Januari;Rp9.219
Beras Premium Tk. Penggilingan (Rp/Kg);2021;Januari;Rp10.287
Jagung Pipilan Kering Tk. Petani (Rp/Kg);2021;Januari;Rp3.766
Kedelai Biji Kering Tk. Petani (Rp/Kg);2021;Januari;Rp6.986
Cabai Merah Keriting Tk.Petani (rp/Kg);2021;Januari;Rp35.785
Cabai Rawit Merah Tk. Petani (Rp/Kg);2021;Januari;Rp46.633
Bawang Merah Tk. Petani (Rp/Kg);2021;Januari;Rp19.196
Sapi Hidup (Rp/kg Berat Hidup);2021;Januari;Rp50.467
Ayam Ras (Rp/Ekor Hidup);2021;Januari;Rp25.142
Telur Ayam Ras (Rp/Kg);2021;Januari;Rp21.550
GKP Tingkat Petani (Rp/Kg);2021;Februari;Rp4.577
GKP Tingkat Penggilingan (Rp/Kg);2021;Februari;Rp4.703
GKG Tingkat Penggilingan (Rp/Kg);2021;Februari;Rp5.437
Beras Medium Tk. Penggilingan (Rp/Kg);2021;Februari;Rp9.254
Beras Premium Tk. Penggilingan (Rp/Kg);2021;Februari;Rp10.227
Jagung Pipilan Kering Tk. Petani (Rp/Kg);2021;Februari;Rp3.743
Kedelai Biji Kering Tk. Petani (Rp/Kg);2021;Februari;Rp6.569
Cabai Merah Keriting Tk.Petani (rp/Kg);2021;Februari;Rp33.250
Cabai Rawit Merah Tk. Petani (Rp/Kg);2021;Februari;Rp54.257
Bawang Merah Tk. Petani (Rp/Kg);2021;Februari;Rp19.232
Sapi Hidup (Rp/kg Berat Hidup);2021;Februari;Rp50.620
Ayam Ras (Rp/Ekor Hidup);2021;Februari;Rp24.251
Telur Ayam Ras (Rp/Kg);2021;Februari;Rp20.632
GKP Tingkat Petani (Rp/Kg);2021;Maret;Rp4.401
GKP Tingkat Penggilingan (Rp/Kg);2021;Maret;Rp4.606
GKG Tingkat Penggilingan (Rp/Kg);2021;Maret;Rp5.360
Beras Medium Tk. Penggilingan (Rp/Kg);2021;Maret;Rp9.015
Beras Premium Tk. Penggilingan (Rp/Kg);2021;Maret;Rp10.094
Jagung Pipilan Kering Tk. Petani (Rp/Kg);2021;Maret;Rp3.821
Kedelai Biji Kering Tk. Petani (Rp/Kg);2021;Maret;Rp7.544
Cabai Merah Keriting Tk.Petani (rp/Kg);2021;Maret;Rp36.571
Cabai Rawit Merah Tk. Petani (Rp/Kg);2021;Maret;Rp65.897
Bawang Merah Tk. Petani (Rp/Kg);2021;Maret;Rp20.759
Sapi Hidup (Rp/kg Berat Hidup);2021;Maret;Rp51.243
Ayam Ras (Rp/Ekor Hidup);2021;Maret;Rp22.566
Telur Ayam Ras (Rp/Kg);2021;Maret;Rp20.241
GKP Tingkat Petani (Rp/Kg);2021;April;Rp4.266
GKP Tingkat Penggilingan (Rp/Kg);2021;April;Rp4.489
GKG Tingkat Penggilingan (Rp/Kg);2021;April;Rp5.242
Beras Medium Tk. Penggilingan (Rp/Kg);2021;April;Rp8.931
Beras Premium Tk. Penggilingan (Rp/Kg);2021;April;Rp10.011
Jagung Pipilan Kering Tk. Petani (Rp/Kg);2021;April;Rp4.175
Kedelai Biji Kering Tk. Petani (Rp/Kg);2021;April;Rp7.595
Cabai Merah Keriting Tk.Petani (rp/Kg);2021;April;Rp31.457
Cabai Rawit Merah Tk. Petani (Rp/Kg);2021;April;Rp53.037
Bawang Merah Tk. Petani (Rp/Kg);2021;April;Rp19.855
Sapi Hidup (Rp/kg Berat Hidup);2021;April;Rp51.331
Ayam Ras (Rp/Ekor Hidup);2021;April;Rp23.226
Telur Ayam Ras (Rp/Kg);2021;April;Rp21.026
GKP Tingkat Petani (Rp/Kg);2021;Mei;Rp4.241
GKP Tingkat Penggilingan (Rp/Kg);2021;Mei;Rp4.552
GKG Tingkat Penggilingan (Rp/Kg);2021;Mei;Rp5.222
Beras Medium Tk. Penggilingan (Rp/Kg);2021;Mei;Rp8.939
Beras Premium Tk. Penggilingan (Rp/Kg);2021;Mei;Rp10.088
Jagung Pipilan Kering Tk. Petani (Rp/Kg);2021;Mei;Rp4.479
Kedelai Biji Kering Tk. Petani (Rp/Kg);2021;Mei;Rp8.108
Cabai Merah Keriting Tk.Petani (rp/Kg);2021;Mei;Rp22.747
Cabai Rawit Merah Tk. Petani (Rp/Kg);2021;Mei;Rp35.713
Bawang Merah Tk. Petani (Rp/Kg);2021;Mei;Rp17.371
Sapi Hidup (Rp/kg Berat Hidup);2021;Mei;Rp52.006
Ayam Ras (Rp/Ekor Hidup);2021;Mei;Rp23.702
Telur Ayam Ras (Rp/Kg);2021;Mei;Rp20.758
GKP Tingkat Petani (Rp/Kg);2021;Juni;Rp4.262
GKP Tingkat Penggilingan (Rp/Kg);2021;Juni;Rp4.556
GKG Tingkat Penggilingan (Rp/Kg);2021;Juni;Rp5.190
Beras Medium Tk. Penggilingan (Rp/Kg);2021;Juni;Rp8.910
Beras Premium Tk. Penggilingan (Rp/Kg);2021;Juni;Rp10.034
Jagung Pipilan Kering Tk. Petani (Rp/Kg);2021;Juni;Rp4.515
Kedelai Biji Kering Tk. Petani (Rp/Kg);2021;Juni;Rp8.154
Cabai Merah Keriting Tk.Petani (rp/Kg);2021;Juni;Rp15.655
Cabai Rawit Merah Tk. Petani (Rp/Kg);2021;Juni;Rp27.815
Bawang Merah Tk. Petani (Rp/Kg);2021;Juni;Rp16.746
Sapi Hidup (Rp/kg Berat Hidup);2021;Juni;Rp51.155
Ayam Ras (Rp/Ekor Hidup);2021;Juni;Rp22.740
Telur Ayam Ras (Rp/Kg);2021;Juni;Rp20.799
GKP Tingkat Petani (Rp/Kg);2021;Juli;Rp4.219
GKP Tingkat Penggilingan (Rp/Kg);2021;Juli;Rp4.524
GKG Tingkat Penggilingan (Rp/Kg);2021;Juli;Rp5.092
Beras Medium Tk. Penggilingan (Rp/Kg);2021;Juli;Rp8.794
Beras Premium Tk. Penggilingan (Rp/Kg);2021;Juli;Rp9.995
Jagung Pipilan Kering Tk. Petani (Rp/Kg);2021;Juli;Rp4.511
Kedelai Biji Kering Tk. Petani (Rp/Kg);2021;Juli;Rp8.126
Cabai Merah Keriting Tk.Petani (rp/Kg);2021;Juli;Rp18.918
Cabai Rawit Merah Tk. Petani (Rp/Kg);2021;Juli;Rp34.962
Bawang Merah Tk. Petani (Rp/Kg);2021;Juli;Rp18.481
Sapi Hidup (Rp/kg Berat Hidup);2021;Juli;Rp51.752
Ayam Ras (Rp/Ekor Hidup);2021;Juli;Rp21.065
Telur Ayam Ras (Rp/Kg);2021;Juli;Rp20.280
GKP Tingkat Petani (Rp/Kg);2021;Agustus;Rp4.268
GKP Tingkat Penggilingan (Rp/Kg);2021;Agustus;Rp4.570
GKG Tingkat Penggilingan (Rp/Kg);2021;Agustus;Rp5.140
Beras Medium Tk. Penggilingan (Rp/Kg);2021;Agustus;Rp8.810
Beras Premium Tk. Penggilingan (Rp/Kg);2021;Agustus;Rp9.999
Jagung Pipilan Kering Tk. Petani (Rp/Kg);2021;Agustus;Rp4.551
Kedelai Biji Kering Tk. Petani (Rp/Kg);2021;Agustus;Rp8.142
Cabai Merah Keriting Tk.Petani (rp/Kg);2021;Agustus;Rp14.769
Cabai Rawit Merah Tk. Petani (Rp/Kg);2021;Agustus;Rp22.197
Bawang Merah Tk. Petani (Rp/Kg);2021;Agustus;Rp18.335
Sapi Hidup (Rp/kg Berat Hidup);2021;Agustus;Rp49.921
Ayam Ras (Rp/Ekor Hidup);2021;Agustus;Rp20.015
Telur Ayam Ras (Rp/Kg);2021;Agustus;Rp20.232
GKP Tingkat Petani (Rp/Kg);2021;September;Rp4.294
GKP Tingkat Penggilingan (Rp/Kg);2021;September;-
GKG Tingkat Penggilingan (Rp/Kg);2021;September;Rp5.127
Beras Medium Tk. Penggilingan (Rp/Kg);2021;September;Rp8.835
Beras Premium Tk. Penggilingan (Rp/Kg);2021;September;Rp9.977
Jagung Pipilan Kering Tk. Petani (Rp/Kg);2021;September;Rp4.670
Kedelai Biji Kering Tk. Petani (Rp/Kg);2021;September;Rp8.126
Cabai Merah Keriting Tk.Petani (rp/Kg);2021;September;Rp13.638
Cabai Rawit Merah Tk. Petani (Rp/Kg);2021;September;Rp15.575
Bawang Merah Tk. Petani (Rp/Kg);2021;September;Rp15.533
Sapi Hidup (Rp/kg Berat Hidup);2021;September;Rp49.122
Ayam Ras (Rp/Ekor Hidup);2021;September;Rp20.822
Telur Ayam Ras (Rp/Kg);2021;September;Rp18.630
GKP Tingkat Petani (Rp/Kg);2021;Oktober;Rp4.341
GKP Tingkat Penggilingan (Rp/Kg);2021;Oktober;-
GKG Tingkat Penggilingan (Rp/Kg);2021;Oktober;Rp5.144
Beras Medium Tk. Penggilingan (Rp/Kg);2021;Oktober;Rp8.856
Beras Premium Tk. Penggilingan (Rp/Kg);2021;Oktober;Rp9.984
Jagung Pipilan Kering Tk. Petani (Rp/Kg);2021;Oktober;Rp4.591
Kedelai Biji Kering Tk. Petani (Rp/Kg);2021;Oktober;Rp8.040
Cabai Merah Keriting Tk.Petani (rp/Kg);2021;Oktober;Rp18.917
Cabai Rawit Merah Tk. Petani (Rp/Kg);2021;Oktober;Rp19.103
Bawang Merah Tk. Petani (Rp/Kg);2021;Oktober;Rp15.673
Sapi Hidup (Rp/kg Berat Hidup);2021;Oktober;Rp48.723
Ayam Ras (Rp/Ekor Hidup);2021;Oktober;Rp21.335
Telur Ayam Ras (Rp/Kg);2021;Oktober;Rp17.888
GKP Tingkat Petani (Rp/Kg);2021;November;Rp4.327
GKP Tingkat Penggilingan (Rp/Kg);2021;November;-
GKG Tingkat Penggilingan (Rp/Kg);2021;November;Rp5.186
Beras Medium Tk. Penggilingan (Rp/Kg);2021;November;Rp8.873
Beras Premium Tk. Penggilingan (Rp/Kg);2021;November;Rp9.984
Jagung Pipilan Kering Tk. Petani (Rp/Kg);2021;November;Rp4.685
Kedelai Biji Kering Tk. Petani (Rp/Kg);2021;November;Rp7.701
Cabai Merah Keriting Tk.Petani (rp/Kg);2021;November;Rp24.554
Cabai Rawit Merah Tk. Petani (Rp/Kg);2021;November;Rp18.227
Bawang Merah Tk. Petani (Rp/Kg);2021;November;Rp13.968
Sapi Hidup (Rp/kg Berat Hidup);2021;November;Rp48.898
Ayam Ras (Rp/Ekor Hidup);2021;November;Rp21.359
Telur Ayam Ras (Rp/Kg);2021;November;Rp19.304
GKP Tingkat Petani (Rp/Kg);2021;Desember;Rp4.358
GKP Tingkat Penggilingan (Rp/Kg);2021;Desember;Rp4.787
GKG Tingkat Penggilingan (Rp/Kg);2021;Desember;Rp5.212
Beras Medium Tk. Penggilingan (Rp/Kg);2021;Desember;Rp8.915
Beras Premium Tk. Penggilingan (Rp/Kg);2021;Desember;Rp10.026
Jagung Pipilan Kering Tk. Petani (Rp/Kg);2021;Desember;Rp4.711
Kedelai Biji Kering Tk. Petani (Rp/Kg);2021;Desember;Rp7.698
Cabai Merah Keriting Tk.Petani (rp/Kg);2021;Desember;Rp27.433
Cabai Rawit Merah Tk. Petani (Rp/Kg);2021;Desember;Rp43.197
Bawang Merah Tk. Petani (Rp/Kg);2021;Desember;Rp14.071
Sapi Hidup (Rp/kg Berat Hidup);2021;Desember;Rp48.906
Ayam Ras (Rp/Ekor Hidup);2021;Desember;Rp21.545
Telur Ayam Ras (Rp/Kg);2021;Desember;Rp20.422
GKP Tingkat Petani (Rp/Kg);2022;Januari;Rp4.559
GKP Tingkat Penggilingan (Rp/Kg);2022;Januari;-
GKG Tingkat Penggilingan (Rp/Kg);2022;Januari;Rp5.431
Beras Medium Tk. Penggilingan (Rp/Kg);2022;Januari;Rp9.075
Beras Premium Tk. Penggilingan (Rp/Kg);2022;Januari;Rp10.170
Jagung Pipilan Kering Tk. Petani (Rp/Kg);2022;Januari;Rp4.551
Kedelai Biji Kering Tk. Petani (Rp/Kg);2022;Januari;Rp8.261
Cabai Merah Keriting Tk.Petani (rp/Kg);2022;Januari;Rp17.750
Cabai Rawit Merah Tk. Petani (Rp/Kg);2022;Januari;Rp34.651
Bawang Merah Tk. Petani (Rp/Kg);2022;Januari;Rp14.865
Sapi Hidup (Rp/kg Berat Hidup);2022;Januari;Rp48.709
Ayam Ras (Rp/Ekor Hidup);2022;Januari;Rp23.383
Telur Ayam Ras (Rp/Kg);2022;Januari;Rp21.207
GKP Tingkat Petani (Rp/Kg);2022;Februari;Rp4.628
GKP Tingkat Penggilingan (Rp/Kg);2022;Februari;-
GKG Tingkat Penggilingan (Rp/Kg);2022;Februari;Rp5.503
Beras Medium Tk. Penggilingan (Rp/Kg);2022;Februari;Rp9.095
Beras Premium Tk. Penggilingan (Rp/Kg);2022;Februari;Rp10.206
Jagung Pipilan Kering Tk. Petani (Rp/Kg);2022;Februari;Rp4.537
Kedelai Biji Kering Tk. Petani (Rp/Kg);2022;Februari;Rp8.545
Cabai Merah Keriting Tk.Petani (rp/Kg);2022;Februari;Rp20.762
Cabai Rawit Merah Tk. Petani (Rp/Kg);2022;Februari;Rp27.161
Bawang Merah Tk. Petani (Rp/Kg);2022;Februari;Rp18.449
Sapi Hidup (Rp/kg Berat Hidup);2022;Februari;Rp48.842
Ayam Ras (Rp/Ekor Hidup);2022;Februari;Rp21.444
Telur Ayam Ras (Rp/Kg);2022;Februari;Rp17.960
GKP Tingkat Petani (Rp/Kg);2022;Maret;Rp4.506
GKP Tingkat Penggilingan (Rp/Kg);2022;Maret;-
GKG Tingkat Penggilingan (Rp/Kg);2022;Maret;Rp5.416
Beras Medium Tk. Penggilingan (Rp/Kg);2022;Maret;Rp9.059
Beras Premium Tk. Penggilingan (Rp/Kg);2022;Maret;Rp10.134
Jagung Pipilan Kering Tk. Petani (Rp/Kg);2022;Maret;Rp4.549
Kedelai Biji Kering Tk. Petani (Rp/Kg);2022;Maret;Rp9.054
Cabai Merah Keriting Tk.Petani (rp/Kg);2022;Maret;Rp31.932
Cabai Rawit Merah Tk. Petani (Rp/Kg);2022;Maret;Rp41.450
Bawang Merah Tk. Petani (Rp/Kg);2022;Maret;Rp20.787
Sapi Hidup (Rp/kg Berat Hidup);2022;Maret;Rp49.710
Ayam Ras (Rp/Ekor Hidup);2022;Maret;Rp21.760
Telur Ayam Ras (Rp/Kg);2022;Maret;Rp19.777
GKP Tingkat Petani (Rp/Kg);2022;April;Rp4.387
GKP Tingkat Penggilingan (Rp/Kg);2022;April;Rp1.674
GKG Tingkat Penggilingan (Rp/Kg);2022;April;Rp5.327
Beras Medium Tk. Penggilingan (Rp/Kg);2022;April;Rp8.930
Beras Premium Tk. Penggilingan (Rp/Kg);2022;April;Rp10.066
Jagung Pipilan Kering Tk. Petani (Rp/Kg);2022;April;Rp4.776
Kedelai Biji Kering Tk. Petani (Rp/Kg);2022;April;Rp9.286
Cabai Merah Keriting Tk.Petani (rp/Kg);2022;April;Rp21.724
Cabai Rawit Merah Tk. Petani (Rp/Kg);2022;April;Rp26.488
Bawang Merah Tk. Petani (Rp/Kg);2022;April;Rp19.580
Sapi Hidup (Rp/kg Berat Hidup);2022;April;Rp51.483
Ayam Ras (Rp/Ekor Hidup);2022;April;Rp23.317
Telur Ayam Ras (Rp/Kg);2022;April;Rp21.176
GKP Tingkat Petani (Rp/Kg);2022;Mei;Rp4.386
GKP Tingkat Penggilingan (Rp/Kg);2022;Mei;Rp1.677
GKG Tingkat Penggilingan (Rp/Kg);2022;Mei;Rp5.294
Beras Medium Tk. Penggilingan (Rp/Kg);2022;Mei;Rp8.866
Beras Premium Tk. Penggilingan (Rp/Kg);2022;Mei;Rp10.033
Jagung Pipilan Kering Tk. Petani (Rp/Kg);2022;Mei;Rp4.767
Kedelai Biji Kering Tk. Petani (Rp/Kg);2022;Mei;Rp9.294
Cabai Merah Keriting Tk.Petani (rp/Kg);2022;Mei;Rp24.305
Cabai Rawit Merah Tk. Petani (Rp/Kg);2022;Mei;Rp23.682
Bawang Merah Tk. Petani (Rp/Kg);2022;Mei;Rp22.187
Sapi Hidup (Rp/kg Berat Hidup);2022;Mei;Rp52.154
Ayam Ras (Rp/Ekor Hidup);2022;Mei;Rp23.621
Telur Ayam Ras (Rp/Kg);2022;Mei;Rp22.605
GKP Tingkat Petani (Rp/Kg);2022;Juni;Rp4.343
GKP Tingkat Penggilingan (Rp/Kg);2022;Juni;-
GKG Tingkat Penggilingan (Rp/Kg);2022;Juni;Rp5.250
Beras Medium Tk. Penggilingan (Rp/Kg);2022;Juni;Rp8.850
Beras Premium Tk. Penggilingan (Rp/Kg);2022;Juni;Rp9.991
Jagung Pipilan Kering Tk. Petani (Rp/Kg);2022;Juni;Rp4.528
Kedelai Biji Kering Tk. Petani (Rp/Kg);2022;Juni;Rp9.482
Cabai Merah Keriting Tk.Petani (rp/Kg);2022;Juni;Rp53.505
Cabai Rawit Merah Tk. Petani (Rp/Kg);2022;Juni;Rp58.897
Bawang Merah Tk. Petani (Rp/Kg);2022;Juni;Rp30.991
Sapi Hidup (Rp/kg Berat Hidup);2022;Juni;Rp51.830
Ayam Ras (Rp/Ekor Hidup);2022;Juni;Rp23.214
Telur Ayam Ras (Rp/Kg);2022;Juni;Rp23.692
GKP Tingkat Petani (Rp/Kg);2022;Juli;Rp4.482
GKP Tingkat Penggilingan (Rp/Kg);2022;Juli;-
GKG Tingkat Penggilingan (Rp/Kg);2022;Juli;Rp5.311
Beras Medium Tk. Penggilingan (Rp/Kg);2022;Juli;Rp8.839
Beras Premium Tk. Penggilingan (Rp/Kg);2022;Juli;Rp9.990
Jagung Pipilan Kering Tk. Petani (Rp/Kg);2022;Juli;Rp4.341
Kedelai Biji Kering Tk. Petani (Rp/Kg);2022;Juli;Rp9.704
Cabai Merah Keriting Tk.Petani (rp/Kg);2022;Juli;Rp63.848
Cabai Rawit Merah Tk. Petani (Rp/Kg);2022;Juli;Rp57.131
Bawang Merah Tk. Petani (Rp/Kg);2022;Juli;Rp36.747
Sapi Hidup (Rp/kg Berat Hidup);2022;Juli;Rp51.284
Ayam Ras (Rp/Ekor Hidup);2022;Juli;Rp23.486
Telur Ayam Ras (Rp/Kg);2022;Juli;Rp23.955
GKP Tingkat Petani (Rp/Kg);2022;Agustus;Rp4.654
GKP Tingkat Penggilingan (Rp/Kg);2022;Agustus;-
GKG Tingkat Penggilingan (Rp/Kg);2022;Agustus;Rp5.471
Beras Medium Tk. Penggilingan (Rp/Kg);2022;Agustus;Rp8.942
Beras Premium Tk. Penggilingan (Rp/Kg);2022;Agustus;Rp10.065
Jagung Pipilan Kering Tk. Petani (Rp/Kg);2022;Agustus;Rp4.290
Kedelai Biji Kering Tk. Petani (Rp/Kg);2022;Agustus;Rp9.933
Cabai Merah Keriting Tk.Petani (rp/Kg);2022;Agustus;Rp47.229
Cabai Rawit Merah Tk. Petani (Rp/Kg);2022;Agustus;Rp35.671
Bawang Merah Tk. Petani (Rp/Kg);2022;Agustus;Rp22.161
Sapi Hidup (Rp/kg Berat Hidup);2022;Agustus;Rp48.634
Ayam Ras (Rp/Ekor Hidup);2022;Agustus;Rp22.310
Telur Ayam Ras (Rp/Kg);2022;Agustus;Rp24.747
GKP Tingkat Petani (Rp/Kg);2022;September;Rp4.811
GKP Tingkat Penggilingan (Rp/Kg);2022;September;-
GKG Tingkat Penggilingan (Rp/Kg);2022;september;Rp5.614
Beras Medium Tk. Penggilingan (Rp/Kg);2022;September;Rp9.222
Beras Premium Tk. Penggilingan (Rp/Kg);2022;September;Rp10.307
Jagung Pipilan Kering Tk. Petani (Rp/Kg);2022;September;Rp4.153
Kedelai Biji Kering Tk. Petani (Rp/Kg);2022;September;Rp9.905
Cabai Merah Keriting Tk.Petani (rp/Kg);2022;September;Rp46.805
Cabai Rawit Merah Tk. Petani (Rp/Kg);2022;September;Rp38.882
Bawang Merah Tk. Petani (Rp/Kg);2022;September;Rp20.168
Sapi Hidup (Rp/kg Berat Hidup);2022;September;Rp50.744
Ayam Ras (Rp/Ekor Hidup);2022;September;Rp21.426
Telur Ayam Ras (Rp/Kg);2022;September;Rp23.487
GKP Tingkat Petani (Rp/Kg);2022;Oktober;Rp4.930
GKP Tingkat Penggilingan (Rp/Kg);2022;Oktober;-
GKG Tingkat Penggilingan (Rp/Kg);2022;Oktober;Rp5.724
Beras Medium Tk. Penggilingan (Rp/Kg);2022;Oktober;Rp9.397
Beras Premium Tk. Penggilingan (Rp/Kg);2022;Oktober;Rp10.533
Jagung Pipilan Kering Tk. Petani (Rp/Kg);2022;Oktober;Rp4.105
Kedelai Biji Kering Tk. Petani (Rp/Kg);2022;Oktober;Rp9.835
Cabai Merah Keriting Tk.Petani (rp/Kg);2022;Oktober;Rp29.826
Cabai Rawit Merah Tk. Petani (Rp/Kg);2022;Oktober;Rp32.461
Bawang Merah Tk. Petani (Rp/Kg);2022;Oktober;Rp20.210
Sapi Hidup (Rp/kg Berat Hidup);2022;Oktober;Rp50.950
Ayam Ras (Rp/Ekor Hidup);2022;Oktober;Rp20.590
Telur Ayam Ras (Rp/Kg);2022;Oktober;Rp22.408
GKP Tingkat Petani (Rp/Kg);2022;November;Rp4.933
GKP Tingkat Penggilingan (Rp/Kg);2022;November;-
GKG Tingkat Penggilingan (Rp/Kg);2022;November;Rp5.773
Beras Medium Tk. Penggilingan (Rp/Kg);2022;November;Rp9.531
Beras Premium Tk. Penggilingan (Rp/Kg);2022;November;Rp10.640
Jagung Pipilan Kering Tk. Petani (Rp/Kg);2022;November;Rp4.008
Kedelai Biji Kering Tk. Petani (Rp/Kg);2022;November;Rp9.940
Cabai Merah Keriting Tk.Petani (rp/Kg);2022;November;Rp20.359
Cabai Rawit Merah Tk. Petani (Rp/Kg);2022;November;Rp22.761
Bawang Merah Tk. Petani (Rp/Kg);2022;November;Rp21.406
Sapi Hidup (Rp/kg Berat Hidup);2022;November;Rp50.905
Ayam Ras (Rp/Ekor Hidup);2022;November;Rp21.081
Telur Ayam Ras (Rp/Kg);2022;November;Rp23.611
GKP Tingkat Petani (Rp/Kg);2022;Desember;Rp5.234
GKP Tingkat Penggilingan (Rp/Kg);2022;Desember;-
GKG Tingkat Penggilingan (Rp/Kg);2022;Desember;Rp6.205
Beras Medium Tk. Penggilingan (Rp/Kg);2022;Desember;Rp10.038
Beras Premium Tk. Penggilingan (Rp/Kg);2022;Desember;Rp11.226
Jagung Pipilan Kering Tk. Petani (Rp/Kg);2022;Desember;Rp3.946
Kedelai Biji Kering Tk. Petani (Rp/Kg);2022;Desember;Rp10.459
Cabai Merah Keriting Tk.Petani (rp/Kg);2022;Desember;Rp23.537
Cabai Rawit Merah Tk. Petani (Rp/Kg);2022;Desember;Rp30.873
Bawang Merah Tk. Petani (Rp/Kg);2022;Desember;Rp22.011
Sapi Hidup (Rp/kg Berat Hidup);2022;Desember;Rp51.503
Ayam Ras (Rp/Ekor Hidup);2022;Desember;Rp21.736
Telur Ayam Ras (Rp/Kg);2022;Desember;Rp25.315
GKP Tingkat Petani (Rp/Kg);2023;Januari;Rp5.544
GKP Tingkat Penggilingan (Rp/Kg);2023;Januari;Rp5.654
GKG Tingkat Penggilingan (Rp/Kg);2023;Januari;Rp6.391
Beras Medium Tk. Penggilingan (Rp/Kg);2023;Januari;Rp10.294
Beras Premium Tk. Penggilingan (Rp/Kg);2023;Januari;Rp11.540
Jagung Pipilan Kering Tk. Petani (Rp/Kg);2023;Januari;Rp4.076
Kedelai Biji Kering Tk. Petani (Rp/Kg);2023;Januari;Rp10.169
Cabai Merah Keriting Tk.Petani (rp/Kg);2023;Januari;Rp27.801
Cabai Rawit Merah Tk. Petani (Rp/Kg);2023;Januari;Rp39.729
Bawang Merah Tk. Petani (Rp/Kg);2023;Januari;Rp22.964
Sapi Hidup (Rp/kg Berat Hidup);2023;Januari;Rp51.979
Ayam Ras (Rp/Ekor Hidup);2023;Januari;Rp21.122
Telur Ayam Ras (Rp/Kg);2023;Januari;Rp24.395
GKP Tingkat Petani (Rp/Kg);2023;Februari;Rp5.534
GKP Tingkat Penggilingan (Rp/Kg);2023;Februari;Rp5.854
GKG Tingkat Penggilingan (Rp/Kg);2023;Februari;Rp6.420
Beras Medium Tk. Penggilingan (Rp/Kg);2023;Februari;Rp10.506
Beras Premium Tk. Penggilingan (Rp/Kg);2023;Februari;Rp11.775
Jagung Pipilan Kering Tk. Petani (Rp/Kg);2023;Februari;Rp4.089
Kedelai Biji Kering Tk. Petani (Rp/Kg);2023;Februari;Rp10.280
Cabai Merah Keriting Tk.Petani (rp/Kg);2023;Februari;Rp31.365
Cabai Rawit Merah Tk. Petani (Rp/Kg);2023;Februari;Rp40.905
Bawang Merah Tk. Petani (Rp/Kg);2023;Februari;Rp24.757
Sapi Hidup (Rp/kg Berat Hidup);2023;Februari;Rp52.108
Ayam Ras (Rp/Ekor Hidup);2023;Februari;Rp20.434
Telur Ayam Ras (Rp/Kg);2023;Februari;Rp23.945
GKP Tingkat Petani (Rp/Kg);2023;Maret;Rp5.227
GKP Tingkat Penggilingan (Rp/Kg);2023;Maret;Rp5.609
GKG Tingkat Penggilingan (Rp/Kg);2023;Maret;Rp6.188
Beras Medium Tk. Penggilingan (Rp/Kg);2023;Maret;Rp10.433
Beras Premium Tk. Penggilingan (Rp/Kg);2023;Maret;Rp11.719
Jagung Pipilan Kering Tk. Petani (Rp/Kg);2023;Maret;Rp4.451
Kedelai Biji Kering Tk. Petani (Rp/Kg);2023;Maret;Rp10.572
Cabai Merah Keriting Tk.Petani (rp/Kg);2023;Maret;Rp27.627
Cabai Rawit Merah Tk. Petani (Rp/Kg);2023;Maret;Rp50.515
Bawang Merah Tk. Petani (Rp/Kg);2023;Maret;Rp22.416
Sapi Hidup (Rp/kg Berat Hidup);2023;Maret;Rp52.351
Ayam Ras (Rp/Ekor Hidup);2023;Maret;Rp20.655
Telur Ayam Ras (Rp/Kg);2023;Maret;Rp24.390
GKP Tingkat Petani (Rp/Kg);2023;April;Rp5.323
GKP Tingkat Penggilingan (Rp/Kg);2023;April;Rp5.619
GKG Tingkat Penggilingan (Rp/Kg);2023;April;Rp6.186
Beras Medium Tk. Penggilingan (Rp/Kg);2023;April;Rp10.482
Beras Premium Tk. Penggilingan (Rp/Kg);2023;April;Rp11.752
Jagung Pipilan Kering Tk. Petani (Rp/Kg);2023;April;Rp4.714
Kedelai Biji Kering Tk. Petani (Rp/Kg);2023;April;Rp10.389
Cabai Merah Keriting Tk.Petani (rp/Kg);2023;April;Rp20.093
Cabai Rawit Merah Tk. Petani (Rp/Kg);2023;April;Rp28.429
Bawang Merah Tk. Petani (Rp/Kg);2023;April;Rp21.062
Sapi Hidup (Rp/kg Berat Hidup);2023;April;Rp52.715
Ayam Ras (Rp/Ekor Hidup);2023;April;Rp21.375
Telur Ayam Ras (Rp/Kg);2023;April;Rp24.444
GKP Tingkat Petani (Rp/Kg);2023;Mei;Rp5.391
GKP Tingkat Penggilingan (Rp/Kg);2023;Mei;Rp5.684
GKG Tingkat Penggilingan (Rp/Kg);2023;Mei;Rp6.244
Beras Medium Tk. Penggilingan (Rp/Kg);2023;Mei;Rp10.481
Beras Premium Tk. Penggilingan (Rp/Kg);2023;Mei;Rp11.761
Jagung Pipilan Kering Tk. Petani (Rp/Kg);2023;Mei;Rp4.807
Kedelai Biji Kering Tk. Petani (Rp/Kg);2023;Mei;Rp10.214
Cabai Merah Keriting Tk.Petani (rp/Kg);2023;Mei;Rp16.084
Cabai Rawit Merah Tk. Petani (Rp/Kg);2023;Mei;Rp24.676
Bawang Merah Tk. Petani (Rp/Kg);2023;Mei;Rp22.397
Sapi Hidup (Rp/kg Berat Hidup);2023;Mei;Rp52.432
Ayam Ras (Rp/Ekor Hidup);2023;Mei;Rp22.537
Telur Ayam Ras (Rp/Kg);2023;Mei;Rp25.735
GKP Tingkat Petani (Rp/Kg);2023;Juni;Rp5.423
GKP Tingkat Penggilingan (Rp/Kg);2023;Juni;Rp5.737
GKG Tingkat Penggilingan (Rp/Kg);2023;Juni;Rp6.302
Beras Medium Tk. Penggilingan (Rp/Kg);2023;Juni;Rp10.528
Beras Premium Tk. Penggilingan (Rp/Kg);2023;Juni;Rp11.824
Jagung Pipilan Kering Tk. Petani (Rp/Kg);2023;Juni;Rp4.863
Kedelai Biji Kering Tk. Petani (Rp/Kg);2023;Juni;Rp10.205
Cabai Merah Keriting Tk.Petani (rp/Kg);2023;Juni;Rp18.301
Cabai Rawit Merah Tk. Petani (Rp/Kg);2023;Juni;Rp26.284
Bawang Merah Tk. Petani (Rp/Kg);2023;Juni;Rp23.556
Sapi Hidup (Rp/kg Berat Hidup);2023;Juni;Rp52.995
Ayam Ras (Rp/Ekor Hidup);2023;Juni;Rp23.879
Telur Ayam Ras (Rp/Kg);2023;Juni;Rp26.196
GKP Tingkat Petani (Rp/Kg);2023;Juli;Rp5.471
GKP Tingkat Penggilingan (Rp/Kg);2023;Juli;-
GKG Tingkat Penggilingan (Rp/Kg);2023;Juli;Rp6.369
Beras Medium Tk. Penggilingan (Rp/Kg);2023;Juli;Rp10.592
Beras Premium Tk. Penggilingan (Rp/Kg);2023;Juli;Rp11.866
Jagung Pipilan Kering Tk. Petani (Rp/Kg);2023;Juli;Rp4.815
Kedelai Biji Kering Tk. Petani (Rp/Kg);2023;Juli;Rp10.120
Cabai Merah Keriting Tk.Petani (rp/Kg);2023;Juli;Rp23.242
Cabai Rawit Merah Tk. Petani (Rp/Kg);2023;Juli;Rp23.704
Bawang Merah Tk. Petani (Rp/Kg);2023;Juli;Rp22.492
Sapi Hidup (Rp/kg Berat Hidup);2023;Juli;Rp52.323
Ayam Ras (Rp/Ekor Hidup);2023;Juli;Rp23.977
Telur Ayam Ras (Rp/Kg);2023;Juli;Rp26.662
GKP Tingkat Petani (Rp/Kg);2023;Agustus;Rp5.487
GKP Tingkat Penggilingan (Rp/Kg);2023;Agustus;Rp5.842
GKG Tingkat Penggilingan (Rp/Kg);2023;Agustus;Rp6.408
Beras Medium Tk. Penggilingan (Rp/Kg);2023;Agustus;Rp10.616
Beras Premium Tk. Penggilingan (Rp/Kg);2023;Agustus;Rp11.896
Jagung Pipilan Kering Tk. Petani (Rp/Kg);2023;Agustus;Rp4.811
Kedelai Biji Kering Tk. Petani (Rp/Kg);2023;Agustus;Rp9.877
Cabai Merah Keriting Tk.Petani (rp/Kg);2023;Agustus;Rp20.471
Cabai Rawit Merah Tk. Petani (Rp/Kg);2023;Agustus;Rp24.739
Bawang Merah Tk. Petani (Rp/Kg);2023;Agustus;Rp19.317
Sapi Hidup (Rp/kg Berat Hidup);2023;Agustus;Rp52.056
Ayam Ras (Rp/Ekor Hidup);2023;Agustus;Rp22.905
Telur Ayam Ras (Rp/Kg);2023;Agustus;Rp26.670
GKP Tingkat Petani (Rp/Kg);2023;September;Rp6.432
GKP Tingkat Penggilingan (Rp/Kg);2023;September;Rp6.713
GKG Tingkat Penggilingan (Rp/Kg);2023;September;Rp7.272
Beras Medium Tk. Penggilingan (Rp/Kg);2023;September;Rp11.739
Beras Premium Tk. Penggilingan (Rp/Kg);2023;September;Rp12.937
Jagung Pipilan Kering Tk. Petani (Rp/Kg);2023;September;Rp5.265
Kedelai Biji Kering Tk. Petani (Rp/Kg);2023;September;Rp10.166
Cabai Merah Keriting Tk.Petani (rp/Kg);2023;September;Rp27.125
Cabai Rawit Merah Tk. Petani (Rp/Kg);2023;September;Rp21.100
Bawang Merah Tk. Petani (Rp/Kg);2023;September;Rp13.596
Sapi Hidup (Rp/kg Berat Hidup);2023;September;Rp51.505
Ayam Ras (Rp/Ekor Hidup);2023;September;Rp21.917
Telur Ayam Ras (Rp/Kg);2023;September;Rp23.962
GKP Tingkat Petani (Rp/Kg);2023;Oktober;Rp5.826
GKP Tingkat Penggilingan (Rp/Kg);2023;Oktober;Rp6.132
GKG Tingkat Penggilingan (Rp/Kg);2023;Oktober;Rp6.674
Beras Medium Tk. Penggilingan (Rp/Kg);2023;Oktober;Rp10.794
Beras Premium Tk. Penggilingan (Rp/Kg);2023;Oktober;Rp11.916
Jagung Pipilan Kering Tk. Petani (Rp/Kg);2023;Oktober;Rp4.778
Kedelai Biji Kering Tk. Petani (Rp/Kg);2023;Oktober;Rp10.494
Cabai Merah Keriting Tk.Petani (rp/Kg);2023;Oktober;Rp28.511
Cabai Rawit Merah Tk. Petani (Rp/Kg);2023;Oktober;Rp33.365
Bawang Merah Tk. Petani (Rp/Kg);2023;Oktober;Rp16.418
Sapi Hidup (Rp/kg Berat Hidup);2023;Oktober;Rp51.280
Ayam Ras (Rp/Ekor Hidup);2023;Oktober;Rp21.147
Telur Ayam Ras (Rp/Kg);2023;Oktober;Rp22.889
GKP Tingkat Petani (Rp/Kg);2023;November;Rp6.666
GKP Tingkat Penggilingan (Rp/Kg);2023;November;Rp6.984
GKG Tingkat Penggilingan (Rp/Kg);2023;November;Rp7.676
Beras Medium Tk. Penggilingan (Rp/Kg);2023;November;Rp12.256
Beras Premium Tk. Penggilingan (Rp/Kg);2023;November;Rp13.411
Jagung Pipilan Kering Tk. Petani (Rp/Kg);2023;November;Rp5.613
Kedelai Biji Kering Tk. Petani (Rp/Kg);2023;November;Rp11.139
Cabai Merah Keriting Tk.Petani (rp/Kg);2023;November;Rp50.209
Cabai Rawit Merah Tk. Petani (Rp/Kg);2023;November;Rp60.039
Bawang Merah Tk. Petani (Rp/Kg);2023;November;Rp16.217
Sapi Hidup (Rp/kg Berat Hidup);2023;November;Rp51.428
Ayam Ras (Rp/Ekor Hidup);2023;November;Rp21.203
Telur Ayam Ras (Rp/Kg);2023;November;Rp23.657
GKP Tingkat Petani (Rp/Kg);2023;Desember;Rp6.728
GKP Tingkat Penggilingan (Rp/Kg);2023;Desember;-
GKG Tingkat Penggilingan (Rp/Kg);2023;Desember;Rp7.701
Beras Medium Tk. Penggilingan (Rp/Kg);2023;Desember;Rp12.285
Beras Premium Tk. Penggilingan (Rp/Kg);2023;Desember;Rp13.451
Jagung Pipilan Kering Tk. Petani (Rp/Kg);2023;Desember;Rp5.718
Kedelai Biji Kering Tk. Petani (Rp/Kg);2023;Desember;Rp11.067
Cabai Merah Keriting Tk.Petani (rp/Kg);2023;Desember;Rp48.193
Cabai Rawit Merah Tk. Petani (Rp/Kg);2023;Desember;Rp68.526
Bawang Merah Tk. Petani (Rp/Kg);2023;Desember;Rp21.062
Sapi Hidup (Rp/kg Berat Hidup);2023;Desember;Rp51.379
Ayam Ras (Rp/Ekor Hidup);2023;Desember;Rp21.148
Telur Ayam Ras (Rp/Kg);2023;Desember;Rp23.808
GKP Tingkat Petani (Rp/Kg);2024;Januari;Rp6.807
GKP Tingkat Penggilingan (Rp/Kg);2024;Januari;Rp7.122
GKG Tingkat Penggilingan (Rp/Kg);2024;Januari;Rp7.845
Beras Medium Tk. Penggilingan (Rp/Kg);2024;Januari;Rp12.500
Beras Premium Tk. Penggilingan (Rp/Kg);2024;Januari;Rp13.664
Jagung Pipilan Kering Tk. Petani (Rp/Kg);2024;Januari;Rp6.302
Kedelai Biji Kering Tk. Petani (Rp/Kg);2024;Januari;Rp11.291
Cabai Merah Keriting Tk.Petani (rp/Kg);2024;Januari;Rp35.607
Cabai Rawit Merah Tk. Petani (Rp/Kg);2024;Januari;Rp38.621
Bawang Merah Tk. Petani (Rp/Kg);2024;Januari;Rp21.958
Sapi Hidup (Rp/kg Berat Hidup);2024;Januari;Rp51.570
Ayam Ras (Rp/Ekor Hidup);2024;Januari;Rp21.401
Telur Ayam Ras (Rp/Kg);2024;Januari;Rp23.418
GKP Tingkat Petani (Rp/Kg);2024;Februari;Rp7.111
GKP Tingkat Penggilingan (Rp/Kg);2024;Februari;Rp7.421
GKG Tingkat Penggilingan (Rp/Kg);2024;Februari;Rp8.204
Beras Medium Tk. Penggilingan (Rp/Kg);2024;Februari;Rp13.264
Beras Premium Tk. Penggilingan (Rp/Kg);2024;Februari;Rp14.440
Jagung Pipilan Kering Tk. Petani (Rp/Kg);2024;Februari;Rp6.711
Kedelai Biji Kering Tk. Petani (Rp/Kg);2024;Februari;Rp10.925
Cabai Merah Keriting Tk.Petani (rp/Kg);2024;Februari;Rp48.682
Cabai Rawit Merah Tk. Petani (Rp/Kg);2024;Februari;Rp37.873
Bawang Merah Tk. Petani (Rp/Kg);2024;Februari;Rp19.989
Sapi Hidup (Rp/kg Berat Hidup);2024;Februari;Rp51.716
Ayam Ras (Rp/Ekor Hidup);2024;Februari;Rp21.997
Telur Ayam Ras (Rp/Kg);2024;Februari;Rp24.651
GKP Tingkat Petani (Rp/Kg);2024;Maret;Rp6.751
GKP Tingkat Penggilingan (Rp/Kg);2024;Maret;Rp7.100
GKG Tingkat Penggilingan (Rp/Kg);2024;Maret;Rp7.968
Beras Medium Tk. Penggilingan (Rp/Kg);2024;Maret;Rp13.293
Beras Premium Tk. Penggilingan (Rp/Kg);2024;Maret;Rp14.560
Jagung Pipilan Kering Tk. Petani (Rp/Kg);2024;Maret;Rp5.312
Kedelai Biji Kering Tk. Petani (Rp/Kg);2024;Maret;Rp10.520
Cabai Merah Keriting Tk.Petani (rp/Kg);2024;Maret;Rp43.142
Cabai Rawit Merah Tk. Petani (Rp/Kg);2024;Maret;Rp37.779
Bawang Merah Tk. Petani (Rp/Kg);2024;Maret;Rp20.639
Sapi Hidup (Rp/kg Berat Hidup);2024;Maret;Rp52.340
Ayam Ras (Rp/Ekor Hidup);2024;Maret;Rp23.595
Telur Ayam Ras (Rp/Kg);2024;Maret;Rp26.687
GKP Tingkat Petani (Rp/Kg);2024;April;Rp5.923
GKP Tingkat Penggilingan (Rp/Kg);2024;April;Rp6.308
GKG Tingkat Penggilingan (Rp/Kg);2024;April;Rp7.142
Beras Medium Tk. Penggilingan (Rp/Kg);2024;April;Rp12.320
Beras Premium Tk. Penggilingan (Rp/Kg);2024;April;Rp13.836
Jagung Pipilan Kering Tk. Petani (Rp/Kg);2024;April;Rp4.669
Kedelai Biji Kering Tk. Petani (Rp/Kg);2024;April;Rp10.637
Cabai Merah Keriting Tk.Petani (rp/Kg);2024;April;Rp31.381
Cabai Rawit Merah Tk. Petani (Rp/Kg);2024;April;Rp29.950
Bawang Merah Tk. Petani (Rp/Kg);2024;April;Rp29.257
Sapi Hidup (Rp/kg Berat Hidup);2024;April;Rp52.684
Ayam Ras (Rp/Ekor Hidup);2024;April;Rp23.585
Telur Ayam Ras (Rp/Kg);2024;April;Rp25.389
GKP Tingkat Petani (Rp/Kg);2024;Mei;Rp5.889
GKP Tingkat Penggilingan (Rp/Kg);2024;Mei;Rp6.280
GKG Tingkat Penggilingan (Rp/Kg);2024;Mei;Rp6.973
Beras Medium Tk. Penggilingan (Rp/Kg);2024;Mei;Rp11.820
Beras Premium Tk. Penggilingan (Rp/Kg);2024;Mei;Rp13.445
Jagung Pipilan Kering Tk. Petani (Rp/Kg);2024;Mei;Rp4.362
Kedelai Biji Kering Tk. Petani (Rp/Kg);2024;Mei;Rp10.517
Cabai Merah Keriting Tk.Petani (rp/Kg);2024;Mei;Rp34.911
Cabai Rawit Merah Tk. Petani (Rp/Kg);2024;Mei;Rp25.385
Bawang Merah Tk. Petani (Rp/Kg);2024;Mei;Rp32.265
Sapi Hidup (Rp/kg Berat Hidup);2024;Mei;Rp52.418
Ayam Ras (Rp/Ekor Hidup);2024;Mei;Rp23.298
Telur Ayam Ras (Rp/Kg);2024;Mei;Rp25.821
GKP Tingkat Petani (Rp/Kg);2024;Juni;Rp6.124
GKP Tingkat Penggilingan (Rp/Kg);2024;Juni;Rp6.522
GKG Tingkat Penggilingan (Rp/Kg);2024;Juni;Rp7.087
Beras Medium Tk. Penggilingan (Rp/Kg);2024;Juni;Rp11.849
Beras Premium Tk. Penggilingan (Rp/Kg);2024;Juni;Rp13.430
Jagung Pipilan Kering Tk. Petani (Rp/Kg);2024;Juni;Rp4.205
Kedelai Biji Kering Tk. Petani (Rp/Kg);2024;Juni;Rp10.304
Cabai Merah Keriting Tk.Petani (rp/Kg);2024;Juni;Rp36.870
Cabai Rawit Merah Tk. Petani (Rp/Kg);2024;Juni;Rp29.123
Bawang Merah Tk. Petani (Rp/Kg);2024;Juni;Rp27.703
Sapi Hidup (Rp/kg Berat Hidup);2024;Juni;Rp52.824
Ayam Ras (Rp/Ekor Hidup);2024;Juni;Rp22.466
Telur Ayam Ras (Rp/Kg);2024;Juni;Rp25.184
GKP Tingkat Petani (Rp/Kg);2024;Juli;Rp6.354
GKP Tingkat Penggilingan (Rp/Kg);2024;Juli;Rp6.743
GKG Tingkat Penggilingan (Rp/Kg);2024;Juli;Rp7.284
Beras Medium Tk. Penggilingan (Rp/Kg);2024;Juli;Rp12.021
Beras Premium Tk. Penggilingan (Rp/Kg);2024;Juli;Rp13.572
Jagung Pipilan Kering Tk. Petani (Rp/Kg);2024;Juli;Rp4.042
Kedelai Biji Kering Tk. Petani (Rp/Kg);2024;Juli;Rp10.328
Cabai Merah Keriting Tk.Petani (rp/Kg);2024;Juli;Rp28.888
Cabai Rawit Merah Tk. Petani (Rp/Kg);2024;Juli;Rp39.991
Bawang Merah Tk. Petani (Rp/Kg);2024;Juli;Rp19.142
Sapi Hidup (Rp/kg Berat Hidup);2024;Juli;Rp52.290
Ayam Ras (Rp/Ekor Hidup);2024;Juli;Rp21.811
Telur Ayam Ras (Rp/Kg);2024;Juli;Rp24.654
GKP Tingkat Petani (Rp/Kg);2024;Agustus;Rp5.526
GKP Tingkat Penggilingan (Rp/Kg);2024;Agustus;Rp5.833
GKG Tingkat Penggilingan (Rp/Kg);2024;Agustus;Rp6.445
Beras Medium Tk. Penggilingan (Rp/Kg);2024;Agustus;Rp10.671
Beras Premium Tk. Penggilingan (Rp/Kg);2024;Agustus;Rp11.836
Jagung Pipilan Kering Tk. Petani (Rp/Kg);2024;Agustus;Rp4.739
Kedelai Biji Kering Tk. Petani (Rp/Kg);2024;Agustus;Rp10.074
Cabai Merah Keriting Tk.Petani (rp/Kg);2024;Agustus;Rp32.867
Cabai Rawit Merah Tk. Petani (Rp/Kg);2024;Agustus;Rp36.569
Bawang Merah Tk. Petani (Rp/Kg);2024;Agustus;Rp21.773
Sapi Hidup (Rp/kg Berat Hidup);2024;Agustus;Rp51.690
Ayam Ras (Rp/Ekor Hidup);2024;Agustus;Rp22.137
Telur Ayam Ras (Rp/Kg);2024;Agustus;Rp24.074
GKP Tingkat Petani (Rp/Kg);2024;September;Rp6.416
GKP Tingkat Penggilingan (Rp/Kg);2024;September;Rp6.764
GKG Tingkat Penggilingan (Rp/Kg);2024;September;Rp7.400
Beras Medium Tk. Penggilingan (Rp/Kg);2024;September;Rp12.159
Beras Premium Tk. Penggilingan (Rp/Kg);2024;September;Rp13.671
Jagung Pipilan Kering Tk. Petani (Rp/Kg);2024;September;Rp4.538
Kedelai Biji Kering Tk. Petani (Rp/Kg);2024;September;Rp9.594
Cabai Merah Keriting Tk.Petani (rp/Kg);2024;September;Rp20.256
Cabai Rawit Merah Tk. Petani (Rp/Kg);2024;September;Rp29.529
Bawang Merah Tk. Petani (Rp/Kg);2024;September;Rp15.399
Sapi Hidup (Rp/kg Berat Hidup);2024;September;Rp52.080
Ayam Ras (Rp/Ekor Hidup);2024;September;Rp20.864
Telur Ayam Ras (Rp/Kg);2024;September;Rp23.593
